<?xml version="1.0" encoding="UTF-8"?>
<!DOCTYPE fontscolors PUBLIC "-//NetBeans//DTD Editor Fonts and Colors settings 1.1//EN" "http://www.netbeans.org/dtds/EditorFontsColors-1_1.dtd">
<fontscolors>
    <fontcolor default="comment" name="block-comment"/>
    <fontcolor default="markup-attribute" foreColor="lightGray" name="argument"/>
    <fontcolor name="mod-method">
        <font style="bold"/>
    </fontcolor>
    <fontcolor name="mod-class" waveUnderlined="ffff6666"/>
    <fontcolor default="default" name="el-delimiter"/>
    <fontcolor default="error" name="error"/>
    <fontcolor default="default" name="javascript-embedded"/>
    <fontcolor default="argument" foreColor="white" name="operator"/>
    <fontcolor default="entity-reference" foreColor="ff6d9cbe" name="character">
        <font style="plain"/>
    </fontcolor>
    <fontcolor default="comment" name="sgml-comment"/>
    <fontcolor default="default" foreColor="ff628fb5" name="sgml-declaration"/>
    <fontcolor default="default" foreColor="gray" name="el-content"/>
    <fontcolor default="default" name="xml-pi"/>
    <fontcolor default="markup-element" foreColor="ff90c175" name="tag"/>
    <fontcolor default="default" name="text"/>
    <fontcolor default="whitespace" name="ws"/>
    <fontcolor default="markup-attribute" name="mod-constructor">
        <font style="bold"/>
    </fontcolor>
    <fontcolor default="markup-attribute-value" foreColor="ff00cc99" name="value"/>
    <fontcolor default="default" name="css-embedded"/>
</fontscolors>
