<?xml version="1.0" encoding="UTF-8"?>
<!DOCTYPE fontscolors PUBLIC "-//NetBeans//DTD Editor Fonts and Colors settings 1.1//EN" "http://www.netbeans.org/dtds/EditorFontsColors-1_1.dtd">
<fontscolors>
    <fontcolor name="equals"/>
    <fontcolor foreColor="ff666666" name="comment"/>
    <fontcolor foreColor="ffcb6741" name="section">
        <font style="bold"/>
    </fontcolor>
    <fontcolor default="error" name="error"/>
    <fontcolor foreColor="ffcb6741" name="section_delim">
        <font style="bold"/>
    </fontcolor>
    <fontcolor name="whitespace"/>
    <fontcolor foreColor="ff00ff99" name="value"/>
    <fontcolor foreColor="ffb3c3d3" name="key">
        <font style="italic"/>
    </fontcolor>
</fontscolors>
