<?xml version="1.0" encoding="UTF-8"?>
<!DOCTYPE fontscolors PUBLIC "-//NetBeans//DTD Editor Fonts and Colors settings 1.1//EN" "http://www.netbeans.org/dtds/EditorFontsColors-1_1.dtd">
<fontscolors>
    <fontcolor default="identifier" foreColor="ff9bb185" name="reference">
        <font style="bold"/>
    </fontcolor>
    <fontcolor default="number" name="number"/>
    <fontcolor default="separator" foreColor="ffcb6741" name="valuedblock"/>
    <fontcolor default="string" name="string"/>
    <fontcolor default="identifier" foreColor="white" name="variable"/>
    <fontcolor default="valuedblock" foreColor="lightGray" name="block">
        <font style="bold"/>
    </fontcolor>
    <fontcolor default="comment" name="comment"/>
    <fontcolor default="separator" name="interpunction"/>
    <fontcolor default="error" name="error"/>
    <fontcolor default="keyword" name="keyword"/>
    <fontcolor default="whitespace" name="whitespace"/>
    <fontcolor default="identifier" name="literal"/>
</fontscolors>
